titre,nationalité,sortie,entrées (millions)
MONDE DE NEMO (LE),ETATS UNIS,26/11/03,"7,94"
TAXI 3,FRANCE,29/01/03,"6,11"
MATRIX RELOADED,ETATS UNIS,16/05/03,"5,64"
RETOUR DU ROI (LE),NOUVELLE ZELANDE,17/12/03,"5,15"
CHOUCHOU,FRANCE,19/03/03,"3,82"
PIRATES DES CARAIBES : LA MALEDICTION DU BLACK PEARL,ETATS UNIS,13/08/03,"3,77"
ARRETE MOI SI TU PEUX,ETATS UNIS,12/02/03,"3,60"
MATRIX REVOLUTIONS,ETATS UNIS,05/11/03,"3,48"
LIVRE DE LA JUNGLE 2 (LE),ETATS UNIS,05/02/03,"3,31"
TERMINATOR 3 : LE SOULEVEMENT DES MACHINES,ETATS UNIS,06/08/03,"3,19"
TAIS-TOI,FRANCE / ITALIE,22/10/03,"3,03"
X MEN II,ETATS UNIS,30/04/03,"2,78"
BRUCE TOUT PUISSANT,ETATS UNIS,03/09/03,"2,67"
SEIGNEUR DES ANNEAUX (LE) - LES DEUX TOURS,NOUVELLE ZELANDE,18/12/02,"2,57"
8 MILE,ETATS UNIS,26/02/03,"2,24"
GANGS OF NEW YORK,ETATS UNIS,08/01/03,"2,15"
BEUZE (LA),FRANCE,05/02/03,"1,96"
AMERICAN PIE:THE WEDDING,ETATS UNIS,15/10/03,"1,91"
BAD BOYS II,ETATS UNIS,15/10/03,"1,88"
FAST & FURIOUS 2,ETATS UNIS,18/06/03,"1,79"
HULK,ETATS UNIS,02/07/03,"1,67"
7 ANS DE MARIAGE...,FRANCE,25/06/03,"1,63"
HARRY POTTER ET LA CHAMBRE DES SECRETS,ETATS UNIS,04/12/02,"1,59"
CHARLIE'S ANGELS : LES ANGES SE DECHAINENT,ETATS UNIS,16/07/03,"1,56"
KILL BILL VOL. 1,ETATS UNIS,26/11/03,"1,55"
DIX-HUIT ANS APRES,FRANCE,05/02/03,"1,54"
COEUR DES HOMMES (LE),FRANCE,02/04/03,"1,53"
DAREDEVIL,ETATS UNIS,19/03/03,"1,33"
GOOD BYE LENIN,ALLEMAGNE,10/09/03,"1,30"
SINBAD: LA LEGENDE DES SEPT MERS,ETATS UNIS,09/07/03,"1,25"
FANFAN LA TULIPE,FRANCE,14/05/03,"1,25"
"LARA CROFT TOMB RAIDER, LE BERCEAU DE LA VIE",ETATS UNIS,20/08/03,"1,22"
INVASIONS BARBARES (LES),CANADA / FRANCE,24/09/03,"1,19"
INTOLERABLE CRUAUTE,ETATS UNIS,19/11/03,"1,19"
MYSTIC RIVER,ETATS UNIS,15/10/03,"1,15"
PERE ET FILS,FRANCE / CANADA,20/08/03,"1,15"
SENTIMENTS (LES),FRANCE,05/11/03,"1,14"
CHICAGO,ETATS UNIS,26/02/03,"1,13"
RIRE ET CHATIMENT,FRANCE,22/01/03,"1,13"
COUT DE LA VIE (LE),FRANCE,30/07/03,"1,10"
MAUVAIS ESPRIT,FRANCE / ESPAGNE,05/11/03,"1,09"
JEUX D'ENFANTS,FRANCE / BELGIQUE,17/09/03,"1,07"
MYSTERE DE LA CHAMBRE JAUNE (LE),FRANCE / BELGIQUE,11/06/03,"1,06"
"MOI CESAR, 10 ANS1/2, 1M39",FRANCE,09/04/03,"1,06"
FLEUR DU MAL (LA),FRANCE,19/02/03,"1,04"
EFFROYABLES JARDINS,FRANCE,26/03/03,"1,02"
LIGUE DES GENTLEMEN EXTRAORDINAIRES (LA),ETATS UNIS,01/10/03,"1,02"
CHORISTES (LES),FRANCE / SUISSE,17/03/04,"8,43"
SHREK 2,ETATS UNIS,23/06/04,"7,14"
HARRY POTTER ET LE PRISONNIER D'AZKABAN,GRANDE BRETAGNE,02/06/04,"7,08"
SPIDER-MAN 2,ETATS UNIS,14/07/04,"5,23"
INDESTRUCTIBLES (LES),ETATS UNIS,24/11/04,"4,92"
UN LONG DIMANCHE DE FIANCAILLES,FRANCE,27/10/04,"4,33"
PODIUM,FRANCE / BELGIQUE,11/02/04,"3,54"
FRERE DES OURS,ETATS UNIS,28/01/04,"3,53"
DEUX FRERES,FRANCE / GRANDE BRETAGNE,07/04/04,"3,31"
GANG DE REQUINS,ETATS UNIS,13/10/04,"2,97"
11 COMMANDEMENTS (LES),FRANCE,04/02/04,"2,96"
TROIE,GRANDE BRETAGNE,13/05/04,"2,73"
JOUR D'APRES (LE),ETATS UNIS,26/05/04,"2,68"
ENQUETE CORSE (L'),FRANCE,06/10/04,"2,54"
VILLAGE (LE),ETATS UNIS,18/08/04,"2,36"
FAHRENHEIT 9/11,ETATS UNIS,07/07/04,"2,33"
RETOUR DU ROI (LE),NOUVELLE ZELANDE,17/12/03,"2,22"
DERNIER SAMOURAI (LE),ETATS UNIS,14/01/04,"2,20"
OCEAN'S TWELVE,ETATS UNIS,15/12/04,"2,11"
"I, ROBOT",ETATS UNIS,28/07/04,"2,09"
RIVIERES POURPRES 2 (LES),FRANCE / ITALIE / GRANDE BRETAGNE,18/02/04,"2,08"
MARIAGES !,FRANCE,21/04/04,"1,96"
DOUBLE ZERO,FRANCE / GRANDE BRETAGNE,16/06/04,"1,80"
36 QUAI DES ORFEVRES,FRANCE,24/11/04,"1,68"
DALTON (LES),FRANCE / ALLEMAGNE / ESPAGNE,08/12/04,"1,68"
RRRRRRR !!!,FRANCE,28/01/04,"1,67"
ROI ARTHUR (LE),ETATS UNIS,04/08/04,"1,60"
COMME UNE IMAGE,FRANCE / ITALIE,22/09/04,"1,59"
PASSION DU CHRIST (LA),ETATS UNIS,31/03/04,"1,54"
BRIDGET JONES : L'AGE DE RAISON,ETATS UNIS,08/12/04,"1,53"
GOTHIKA,ETATS UNIS,07/01/04,"1,52"
VAN HELSING,ETATS UNIS,05/05/04,"1,52"
STARSKY ET HUTCH,ETATS UNIS,21/04/04,"1,51"
KILL BILL VOLUME 2,ETATS UNIS,17/05/04,"1,47"
MALABAR PRINCESS,FRANCE,03/03/04,"1,46"
COLLATERAL,ETATS UNIS,29/09/04,"1,45"
PETER PAN,ETATS UNIS,04/02/04,"1,42"
POLE EXPRESS (LE),ETATS UNIS,01/12/04,"1,37"
SCOOBY-DOO 2 - LES MONSTRES SE DECHAINENT,ETATS UNIS,07/04/04,"1,37"
LOST IN TRANSLATION,ETATS UNIS,07/01/04,"1,34"
MONDE DE NEMO (LE),ETATS UNIS,26/11/03,"1,29"
LADYKILLERS,ETATS UNIS,09/06/04,"1,25"
"GARFIELD, LE FILM",ETATS UNIS,11/08/04,"1,22"
ARSENE LUPIN,FRANCE / GRANDE BRETAGNE / ESPAGNE / ITALIE,13/10/04,"1,18"
VIPERE AU POING,FRANCE / GRANDE BRETAGNE,06/10/04,"1,17"
BIG FISH,ETATS UNIS,03/03/04,"1,14"
TERMINAL (LE),ETATS UNIS,15/09/04,"1,14"
MORT DANS LA PEAU (LA),ETATS UNIS,08/09/04,"1,14"
MANOIR HANTE ET LES 999 FANTOMES (LE),ETATS UNIS,18/02/04,"1,08"
MAUVAISE EDUCATION (LA),ESPAGNE,12/05/04,"1,07"
DERNIER TRAPPEUR (LE),FRANCE / CANADA / ALLEMAGNE / ITALIE,15/12/04,"1,04"
STAR WARS : EPISODE III - LA REVANCHE DES SITHS,ETATS UNIS,18/05/05,"7,20"
HARRY POTTER ET LA COUPE DE FEU,GRANDE BRETAGNE,30/11/05,"7,04"
BRICE DE NICE,FRANCE,06/04/05,"4,43"
CHARLIE ET LA CHOCOLATERIE,GRANDE BRETAGNE,13/07/05,"4,24"
GUERRE DES MONDES (LA),ETATS UNIS,06/07/05,"3,89"
MADAGASCAR,ETATS UNIS,22/06/05,"3,18"
MILLION DOLLAR BABY,ETATS UNIS,23/03/05,"3,15"
MR & MRS SMITH,ETATS UNIS,27/07/05,"2,96"
"MONDE DE NARNIA (LE) - CHAPITRE 1 - LE LION, LA SORCIERE BLANCHE ET L'ARMOIRE MAGIQUE",ETATS UNIS,21/12/05,"2,87"
POUPEES RUSSES (LES),FRANCE / GRANDE BRETAGNE,15/06/05,"2,84"
KING KONG,ETATS UNIS,14/12/05,"2,77"
IZNOGOUD,FRANCE,09/02/05,"2,54"
PALAIS ROYAL!,FRANCE / GRANDE BRETAGNE,23/11/05,"2,38"
WALLACE ET GROMIT LE MYSTERE DU LAPIN-GAROU,GRANDE BRETAGNE,12/10/05,"2,23"
4 FANTASTIQUES (LES),ETATS UNIS,20/07/05,"2,22"
LEGENDE DE ZORRO (LA),ETATS UNIS,26/10/05,"2,15"
HITCH EXPERT EN SEDUCTION,ETATS UNIS,16/03/05,"2,06"
CHICKEN LITTLE,ETATS UNIS,07/12/05,"2,03"
MARCHE DE L'EMPEREUR (LA),FRANCE,26/01/05,"1,86"
JOYEUX NOEL,FRANCE / ALLEMAGNE / GRANDE BRETAGNE / BELGIQUE / ROUMANIE,09/11/05,"1,86"
ESPACE DETENTE,FRANCE,02/02/05,"1,77"
AVIATOR,ETATS UNIS,26/01/05,"1,68"
"MON BEAU PERE, MES PARENTS ET MOI",ETATS UNIS,16/02/05,"1,66"
RAY,ETATS UNIS,23/02/05,"1,59"
THE ISLAND,ETATS UNIS,17/08/05,"1,55"
BATMAN BEGINS,ETATS UNIS,15/06/05,"1,49"
FRERES GRIMM (LES),GRANDE BRETAGNE,05/10/05,"1,49"
OLIVER TWIST,FRANCE / REPUBLIQUE TCHEQUE / GRANDE BRETAGNE,19/10/05,"1,45"
MATCH POINT,GRANDE BRETAGNE,26/10/05,"1,45"
TOUT POUR PLAIRE,FRANCE / BELGIQUE,16/03/05,"1,44"
KIRIKOU ET LES BETES SAUVAGES,FRANCE,07/12/05,"1,37"
NOCES FUNEBRES DE TIM BURTON (LES),GRANDE BRETAGNE,19/10/05,"1,36"
CHATEAU AMBULANT (LE),ETATS UNIS,12/01/05,"1,31"
COCCINELLE REVIENT (LA),ETATS UNIS,03/08/05,"1,31"
KINGDOM OF HEAVEN,GRANDE BRETAGNE,04/05/05,"1,28"
CHEVALIERS DU CIEL (LES),FRANCE,09/11/05,"1,28"
MON PETIT DOIGT M'A DIT,FRANCE,13/04/05,"1,26"
ALEXANDRE,GRANDE BRETAGNE / FRANCE / PAYS BAS,05/01/05,"1,25"
SIN CITY,ETATS UNIS,01/06/05,"1,23"
TRANSPORTEUR 2 (LE),FRANCE,03/08/05,"1,23"
CONSTANTINE,ETATS UNIS,16/02/05,"1,22"
BOUDU,FRANCE,09/03/05,"1,20"
DERNIER TRAPPEUR (LE),FRANCE / CANADA / ALLEMAGNE / ITALIE,15/12/04,"1,19"
VAILLANT PIGEON DE COMBAT,GRANDE BRETAGNE,30/03/05,"1,16"
ROBOTS,ETATS UNIS,06/04/05,"1,10"
DE BATTRE MON CŒUR S'EST ARRETE,FRANCE,16/03/05,"1,01"
BRONZÉS 3 (LES) - AMIS POUR LA VIE,FRANCE,01/02/06,"10,23"
AGE DE GLACE 2 (L'),ETATS UNIS,05/04/06,"6,62"
"PIRATES DES CARAIBES, LE SECRET DU COFFRE MAUDIT",ETATS UNIS,02/08/06,"6,51"
CAMPING,FRANCE,26/04/06,"5,47"
DA VINCI CODE,ETATS UNIS,17/05/06,"4,16"
ARTHUR ET LES MINIMOYS (EX : ARTHUR),FRANCE,13/12/06,"4,12"
JE VOUS TROUVE TRES BEAU (EX: LA FILLE DE L'EST),FRANCE,11/01/06,"3,51"
PRETE-MOI TA MAIN (EX : RENT A WIFE),FRANCE,01/11/06,"3,45"
DOUBLURE (LA),FRANCE / ITALIE,29/03/06,"3,08"
INDIGÈNES,FRANCE / BELGIQUE,27/09/06,"3,02"
CASINO ROYALE,GRANDE BRETAGNE,22/11/06,"2,84"
X-MEN L'AFFRONTEMENT FINAL,ETATS UNIS,24/05/06,"2,81"
NE LE DIS À PERSONNE,FRANCE,01/11/06,"2,73"
"OSS 117 - LE CAIRE, NID D'ESPIONS",FRANCE,19/04/06,"2,30"
VOLVER,ESPAGNE,19/05/06,"2,30"
"MONDE DE NARNIA (LE) - CHAPITRE 1 - LE LION, LA SORCIERE BLANCHE ET L'ARMOIRE MAGIQUE",ETATS UNIS,21/12/05,"2,26"
DIABLE S'HABILLE EN PRADA (LE),ETATS UNIS,27/09/06,"2,16"
CARS QUATRE ROUES,ETATS UNIS,14/06/06,"2,02"
FAUTEUILS D'ORCHESTRE,FRANCE,15/02/06,"1,93"
MISSION : IMPOSSIBLE 3,ETATS UNIS,03/05/06,"1,91"
BAMBI 2,ETATS UNIS,01/02/06,"1,85"
AZUR ET ASMAR,FRANCE / BELGIQUE / ESPAGNE / ITALIE,25/10/06,"1,61"
ERAGON,ETATS UNIS,20/12/06,"1,58"
MIAMI VICE - DEUX FLICS A MIAMI,ETATS UNIS,16/08/06,"1,57"
REBELLES DE LA FORET (LES),ETATS UNIS,18/10/06,"1,57"
NOS VOISINS LES HOMMES,ETATS UNIS,05/07/06,"1,51"
INFILTRES (LES),ETATS UNIS,29/11/06,"1,48"
NOS JOURS HEUREUX (EX:CES JOURS HEUREUX),FRANCE,28/06/06,"1,47"
SUPERMAN RETURNS,ETATS UNIS,12/07/06,"1,46"
ASTÉRIX ET LES VIKINGS,FRANCE,12/04/06,"1,37"
SECRET DE BROKEBACK MOUNTAIN (LE),ETATS UNIS,18/01/06,"1,32"
LORD OF WAR,ETATS UNIS,04/01/06,"1,31"
GARFIELD 2,ETATS UNIS,19/07/06,"1,27"
JEAN-PHILIPPE,FRANCE,05/04/06,"1,22"
MARIE ANTOINETTE,ETATS UNIS,24/05/06,"1,22"
HORS DE PRIX,FRANCE,13/12/06,"1,21"
INSIDE MAN,ETATS UNIS,12/04/06,"1,18"
MAISON DU BONHEUR (LA),FRANCE,07/06/06,"1,14"
HAPPY FEET,ETATS UNIS,06/12/06,"1,10"
IVRESSE DU POUVOIR (EX:LA COMÉDIE DU POUVOIR),FRANCE / ALLEMAGNE,22/02/06,"1,08"
SOURIS CITY,ETATS UNIS,29/11/06,"1,04"
MUNICH,ETATS UNIS,25/01/06,"1,04"
COMME T'Y ES BELLE !,FRANCE / GRANDE BRETAGNE / LUXEMBOURG / BELGIQUE,10/05/06,"1,04"
RATATOUILLE,ETATS UNIS,01/08/07,"7,67"
SPIDER-MAN 3,ETATS UNIS,01/05/07,"6,32"
HARRY POTTER ET L'ORDRE DU PHENIX,GRANDE BRETAGNE,11/07/07,"6,21"
"PIRATES DES CARAIBES, JUSQU'AU BOUT DU MONDE",ETATS UNIS,23/05/07,"5,64"
SHREK LE TROISIEME,ETATS UNIS,13/06/07,"5,55"
MOME (LA),France / REPUBLIQUE TCHEQUE / GRANDE BRETAGNE,14/02/07,"5,22"
TAXI 4,France,14/02/07,"4,55"
SIMPSON LE FILM (LES),ETATS UNIS,25/07/07,"3,55"
"ENSEMBLE, C'EST TOUT",France,21/03/07,"2,31"
A LA CROISEE DES MONDES : LA BOUSSOLE D'OR,GRANDE BRETAGNE,05/12/07,"2,29"
NUIT AU MUSEE (LA),ETATS UNIS,07/02/07,"2,27"
DIE HARD 4 RETOUR EN ENFER,ETATS UNIS,04/07/07,"2,27"
ARTHUR ET LES MINIMOYS (EX : ARTHUR),FRANCE,13/12/06,"2,25"
IL ETAIT UNE FOIS,ETATS UNIS,28/11/07,"2,19"
TRANSFORMERS,ETATS UNIS,25/07/07,"1,98"
JE SUIS UNE LEGENDE,ETATS UNIS,19/12/07,"1,88"
CŒUR DES HOMMES N°2 (LE),France,24/10/07,"1,81"
4 FANTASTIQUES ET LE SURFER D'ARGENT (LES),ETATS UNIS,08/08/07,"1,66"
UN SECRET,France / Allemagne,03/10/07,"1,65"
300,ETATS UNIS,21/03/07,"1,65"
OCEAN'S 13,ETATS UNIS,20/06/07,"1,64"
VENGEANCE DANS LA PEAU (LA),GRANDE BRETAGNE,12/09/07,"1,54"
VIE DES AUTRES (LA),ALLEMAGNE,31/01/07,"1,54"
ROIS DE LA GLISSE (LES),ETATS UNIS,24/10/07,"1,51"
RENARD ET L'ENFANT (LE),France,12/12/07,"1,49"
UN JOUR SUR TERRE,GRANDE BRETAGNE,10/10/07,"1,40"
DIALOGUE AVEC MON JARDINIER,FRANCE,06/06/07,"1,36"
PRIX À PAYER (LE),France,04/04/07,"1,34"
BLOOD DIAMOND,ETATS UNIS,31/01/07,"1,31"
PERSÉPOLIS,FRANCE,27/06/07,"1,24"
99 FRANCS,France,26/09/07,"1,23"
MOLIÈRE,France,31/01/07,"1,22"
ERAGON,ETATS UNIS,20/12/06,"1,21"
AMERICAN GANGSTER,ETATS UNIS,14/11/07,"1,17"
ROCKY BALBOA,ETATS UNIS,24/01/07,"1,15"
ZODIAC,ETATS UNIS,17/05/07,"1,13"
FAILLE (LA),ETATS UNIS,09/05/07,"1,12"
GHOST RIDER,ETATS UNIS,21/02/07,"1,07"
VACANCES DE MR BEAN (LES),GRANDE BRETAGNE,18/04/07,"1,06"
SECRET DE TARABITHIA (LE),ETATS UNIS,28/03/07,"1,05"
BIENVENUE CHEZ LES CH'TIS,France,27/02/08,"20,44"
ASTÉRIX AUX JEUX OLYMPIQUES,France / Allemagne / Espagne / Italie,30/01/08,"6,81"
MADAGASCAR 2 : LA GRANDE EVASION,ETATS UNIS,03/12/08,"4,35"
INDIANA JONES ET LE ROYAUME DU CRANE DE CRISTAL,ETATS UNIS,21/05/08,"4,21"
QUANTUM OF SOLACE,GRANDE BRETAGNE,31/10/08,"3,70"
KUNG FU PANDA,ETATS UNIS,09/07/08,"3,27"
WALL-E,ETATS UNIS,30/07/08,"3,17"
HANCOCK,ETATS UNIS,09/07/08,"3,07"
MONDE DE NARNIA (LE ) - CHAPITRE 2 - LE PRINCE CASPIAN,ETATS UNIS,25/06/08,"3,05"
THE DARK KNIGHT LE CHEVALIER NOIR,ETATS UNIS,13/08/08,"3,00"
DISCO,France,02/04/08,"2,35"
MESRINE : L'INSTINCT DE MORT,France / Canada / Italie,22/10/08,"2,26"
ENFIN VEUVE,France,16/01/08,"2,25"
IRON MAN,ETATS UNIS,30/04/08,"2,04"
SEX AND THE CITY LE FILM,ETATS UNIS,28/05/08,"1,99"
BENJAMIN GATES ET LE LIVRE DES SECRETS,ETATS UNIS,13/02/08,"1,95"
HIGH SCHOOL MUSICAL 3 : NOS ANNEES LYCEE,ETATS UNIS,22/10/08,"1,88"
VICKY CRISTINA BARCELONA,ESPAGNE,08/10/08,"1,88"
PARIS,France,20/02/08,"1,75"
HORTON,ETATS UNIS,02/04/08,"1,68"
ENTRE LES MURS,France,24/09/08,"1,58"
MAMMA MIA ! LE FILM,GRANDE BRETAGNE,10/09/08,"1,57"
MOMIE : LA TOMBE DE L'EMPEREUR DRAGON (LA ),ETATS UNIS,06/08/08,"1,56"
MESRINE : L'ENNEMI PUBLIC N°1,France,19/11/08,"1,50"
INTO THE WILD,ETATS UNIS,09/01/08,"1,42"
ECHANGE (L'),ETATS UNIS,12/11/08,"1,37"
TRANSPORTEUR 3 (LE),FRANCE,26/11/08,"1,35"
FAUBOURG 36,France / Allemagne / REPUBLIQUE TCHEQUE,24/09/08,"1,32"
PHENOMENES,ETATS UNIS,11/06/08,"1,30"
CHIMPANZES DE L'ESPACE (LES),ETATS UNIS,22/10/08,"1,25"
VOYAGE AU CENTRE DE LA TERRE 3D,ETATS UNIS,16/07/08,"1,21"
PREMIER JOUR DU RESTE DE TA VIE (LE),France,23/07/08,"1,20"
CRIME EST NOTRE AFFAIRE (LE),FRANCE,15/10/08,"1,18"
JUMPER,ETATS UNIS,20/02/08,"1,15"
LARGO WINCH,FRANCE,17/12/08,"1,12"
CASH,France,23/04/08,"1,11"
DEUX JOURS À TUER,France,30/04/08,"1,09"
WANTED : CHOISIS TON DESTIN,ETATS UNIS,16/07/08,"1,09"
AGATHE CLÉRY,France,03/12/08,"1,09"
BURN AFTER READING,ETATS UNIS,10/12/08,"1,06"
JACKPOT,ETATS UNIS,07/05/08,"1,05"
SWEENEY TODD LE DIABOLIQUE BARBIER DE FLEET STREET,ETATS UNIS,23/01/08,"1,05"
JE SUIS UNE LEGENDE,ETATS UNIS,19/12/07,"1,03"
INCROYABLE HULK (L'),ETATS UNIS,23/07/08,"1,03"
TAKEN,France,27/02/08,"1,02"
JOUR OU LA TERRE S'ARRETA (LE),ETATS UNIS,10/12/08,"1,00"
AGE DE GLACE 3 LE TEMPS DES DINOSAURES (L'),ETATS UNIS,03/07/09,"7,83"
AVATAR,ETATS UNIS,16/12/09,"6,30"
HARRY POTTER ET LE PRINCE DE SANG-MELE,GRANDE BRETAGNE,15/07/09,"6,09"
PETIT NICOLAS (LE),FRANCE / BELGIQUE,30/09/09,"5,54"
2012,ETATS UNIS,11/11/09,"4,58"
LA-HAUT,ETATS UNIS,29/07/09,"4,41"
TWILIGHT - CHAPITRE 2 : TENTATION,ETATS UNIS,18/11/09,"4,12"
LOL (LAUGHING OUT LOUD),FRANCE,04/02/09,"3,65"
ARTHUR ET LA VENGEANCE DE MALTAZARD,FRANCE,02/12/09,"3,53"
GRAN TORINO,ETATS UNIS,25/02/09,"3,44"
COCO,FRANCE,18/03/09,"2,93"
"VOLT, STAR MALGRE LUI",ETATS UNIS,04/02/09,"2,88"
INGLOURIOUS BASTERDS,ETATS UNIS,19/08/09,"2,83"
TWILIGHT - CHAPITRE 1 : FASCINATION,ETATS UNIS,07/01/09,"2,79"
SLUMDOG MILLIONAIRE,GRANDE BRETAGNE,14/01/09,"2,70"
ETRANGE HISTOIRE DE BENJAMIN BUTTON (L'),ETATS UNIS,04/02/09,"2,61"
NEUILLY SA MERE !,FRANCE,12/08/09,"2,54"
OSS 117 RIO NE RÉPOND PLUS,FRANCE,15/04/09,"2,52"
TRANSFORMERS 2 LA REVANCHE,ETATS UNIS,24/06/09,"2,27"
ANGES & DEMONS,ETATS UNIS,13/05/09,"2,04"
VERY BAD TRIP,ETATS UNIS,24/06/09,"2,00"
SAFARI,FRANCE,01/04/09,"1,96"
X-MEN ORIGINS WOLVERINE,ETATS UNIS,29/04/09,"1,96"
LUCKY LUKE,FRANCE,21/10/09,"1,88"
DE L'AUTRE COTE DU LIT,FRANCE,07/01/09,"1,81"
FAST & FURIOUS 4,ETATS UNIS,08/04/09,"1,78"
PREMIÈRE ÉTOILE (LA),FRANCE,25/03/09,"1,65"
CODE A CHANGÉ (LE),FRANCE,18/02/09,"1,63"
NUIT AU MUSEE 2,ETATS UNIS,20/05/09,"1,63"
CONCERT (LE),FRANCE / BELGIQUE / ROUMANIE / ITALIE,04/11/09,"1,61"
PUBLIC ENEMIES,ETATS UNIS,08/07/09,"1,57"
TERMINATOR RENAISSANCE,ETATS UNIS,03/06/09,"1,55"
MICHAEL JACKSON'S THIS IS IT,ETATS UNIS,28/10/09,"1,55"
PREDICTIONS,AUSTRALIE,01/04/09,"1,40"
MISSION-G,ETATS UNIS,14/10/09,"1,37"
DROLE DE NOEL DE SCROOGE (LE),ETATS UNIS,25/11/09,"1,28"
MONSTRES CONTRE ALIENS,ETATS UNIS,01/04/09,"1,26"
MICMACS À TIRE-LARIGOT,FRANCE,28/10/09,"1,26"
INCOGNITO,FRANCE / BELGIQUE,29/04/09,"1,24"
WELCOME,FRANCE,11/03/09,"1,22"
MILLENIUM,SUEDE,13/05/09,"1,22"
UN PROPHÈTE,FRANCE / ITALIE,26/08/09,"1,22"
NOCES REBELLES (LES),ETATS UNIS,21/01/09,"1,14"
DESTINATION FINALE 4,ETATS UNIS,26/08/09,"1,11"
DISTRICT 9,ETATS UNIS,16/09/09,"1,11"
SEPT VIES,ETATS UNIS,14/01/09,"1,11"
BANLIEUE 13 - ULTIMATUM,FRANCE,18/02/09,"1,10"
PARANORMAL ACTIVITY,ETATS UNIS,02/12/09,"1,05"
COCO AVANT CHANEL,FRANCE,22/04/09,"1,04"
17 ANS ENCORE,ETATS UNIS,22/04/09,"1,01"
AVATAR,ETATS UNIS,16/12/09,"8,47"
HARRY POTTER ET LES RELIQUES DE LA MORT (1ÈRE PARTIE),GRANDE BRETAGNE,24/11/10,"5,51"
PETITS MOUCHOIRS (LES),FRANCE,20/10/10,"5,33"
INCEPTION,GRANDE BRETAGNE,21/07/10,"4,94"
"SHREK 4, IL ÉTAIT UNE FIN",ETATS UNIS,30/06/10,"4,63"
ALICE AU PAYS DES MERVEILLES,ETATS UNIS,24/03/10,"4,43"
TOY STORY 3,ETATS UNIS,14/07/10,"4,26"
CAMPING 2,FRANCE,21/04/10,"3,98"
TWILIGHT - CHAPITRE 3 : HESITATION,ETATS UNIS,07/07/10,"3,94"
ARNACOEUR (L'),FRANCE,17/03/10,"3,78"
PRINCESSE ET LA GRENOUILLE (LA),ETATS UNIS,27/01/10,"3,66"
RAIPONCE,ETATS UNIS,01/12/10,"3,17"
INVICTUS,ETATS UNIS,13/01/10,"3,17"
DES HOMMES ET DES DIEUX,FRANCE,08/09/10,"3,14"
SHUTTER ISLAND,ETATS UNIS,24/02/10,"3,11"
ARTHUR 3 ET LA GUERRE DES DEUX MONDES,FRANCE,13/10/10,"3,10"
"MOI, MOCHE ET MECHANT",ETATS UNIS,06/10/10,"3,01"
RAFLE (LA),FRANCE / ALLEMAGNE / HONGRIE,10/03/10,"2,88"
OCÉANS,FRANCE,27/01/10,"2,86"
IRON MAN 2,ETATS UNIS,28/04/10,"2,58"
ROBIN DES BOIS,GRANDE BRETAGNE,12/05/10,"2,39"
MONDE DE NARNIA - CHAPITRE 3 - L'ODYSSEE DU PASSEUR D'AURORE (LE),ETATS UNIS,08/12/10,"2,33"
DRAGONS,ETATS UNIS,31/03/10,"2,32"
POTICHE,FRANCE / BELGIQUE,10/11/10,"2,25"
SHERLOCK HOLMES,GRANDE BRETAGNE,03/02/10,"2,15"
PRINCE OF PERSIA : LES SABLES DU TEMPS,ETATS UNIS,26/05/10,"2,11"
CHOC DES TITANS (LE),GRANDE BRETAGNE,07/04/10,"1,87"
NIGHT AND DAY,ETATS UNIS,28/07/10,"1,76"
APPRENTI SORCIER (L'),ETATS UNIS,11/08/10,"1,66"
EXPENDABLES : UNITE SPECIALE,ETATS UNIS,18/08/10,"1,65"
AVENTURES EXTRAORDINAIRES D'ADELE BLANC-SEC (LES),FRANCE,14/04/10,"1,63"
SALT,ETATS UNIS,25/08/10,"1,47"
MAC (LE),FRANCE,17/02/10,"1,46"
THE SOCIAL NETWORK,ETATS UNIS,13/10/10,"1,44"
TOUT CE QUI BRILLE,FRANCE,24/03/10,"1,42"
VOYAGE EXTRAORDINAIRE DE SAMY (LE),Belgique,11/08/10,"1,31"
SEX AND THE CITY 2,ETATS UNIS,02/06/10,"1,31"
THE KARATE KID,ETATS UNIS,18/08/10,"1,28"
TETE EN FRICHE (LA),FRANCE,02/06/10,"1,27"
PERCY JACKSON LE VOLEUR DE FOUDRE,ETATS UNIS,10/02/10,"1,23"
FATAL,CANADA  / FRANCE,16/06/10,"1,21"
GAINSBOURG (VIE HEROÏQUE),FRANCE,20/01/10,"1,20"
VALENTINE'S DAY,ETATS UNIS,17/02/10,"1,19"
AGENCE TOUS RISQUES (L'),ETATS UNIS,16/06/10,"1,19"
DERNIER MAITRE DE L'AIR (LE),ETATS UNIS,28/07/10,"1,18"
HOMME QUI VOULAIT VIVRE SA VIE (L'),FRANCE,03/11/10,"1,18"
IMMORTEL (L'),FRANCE,24/03/10,"1,13"
AMOUR C'EST MIEUX A DEUX (L') (EX L'HOMME QUI MURMURAIT A L'OREILLE DES FEMMES),FRANCE,05/05/10,"1,12"
ITALIEN (L'),FRANCE,14/07/10,"1,11"
THE TOWN,ETATS UNIS,15/09/10,"1,08"
THE GHOST WRITER,FRANCE / ALLEMAGNE / GRANDE BRETAGNE,03/03/10,"1,05"
INTOUCHABLES,FRANCE,02/11/11,"16,67"
RIEN A DECLARER,FRANCE / BELGIQUE,02/02/11,"8,10"
HARRY POTTER ET LES RELIQUES DE LA MORT (2E PARTIE),GRANDE BRETAGNE,13/07/11,"6,52"
AVENTURES DE TINTIN : LE SECRET DE LA LICORNE (LES),ETATS UNIS,26/10/11,"5,37"
PIRATES DES CARAIBES : LA FONTAINE DE JOUVENCE,ETATS UNIS / GRANDE BRETAGNE,18/05/11,"4,67"
TWILIGHT - CHAPITRE 4 : REVELATION 1ÈRE PARTIE,ETATS UNIS,16/11/11,"3,61"
CHAT POTTE (LE),ETATS UNIS,30/11/11,"3,43"
PLANETE DES SINGES : LES ORIGINES (LA),ETATS UNIS,10/08/11,"3,26"
DISCOURS D'UN ROI (LE),GRANDE BRETAGNE,02/02/11,"3,03"
CARS 2,ETATS UNIS,27/07/11,"2,91"
SCHTROUMPFS (LES),ETATS UNIS,03/08/11,"2,81"
KUNG FU PANDA 2,ETATS UNIS,15/06/11,"2,70"
BLACK SWAN,ETATS UNIS,09/02/11,"2,65"
TRANSFORMERS 3 : LA FACE CACHEE DE LA LUNE,ETATS UNIS,29/06/11,"2,62"
FAST & FURIOUS 5,ETATS UNIS,04/05/11,"2,52"
VERY BAD TRIP 2,ETATS UNIS,25/05/11,"2,51"
RIO,ETATS UNIS,13/04/11,"2,44"
POLISSE,FRANCE,19/10/11,"2,32"
FEMMES DU 6EME ETAGE (LES),FRANCE,16/02/11,"2,28"
X-MEN : LE COMMENCEMENT,ETATS UNIS,01/06/11,"2,10"
AU-DELA,ETATS UNIS,19/01/11,"1,93"
HOLLYWOO,FRANCE,07/12/11,"1,88"
CASE DEPART,FRANCE,06/07/11,"1,77"
MISSION : IMPOSSIBLE PROTOCOLE FANTOME,ETATS UNIS,14/12/11,"1,75"
UN MONSTRE A PARIS,FRANCE,12/10/11,"1,74"
MINUIT A PARIS,ESPAGNE,11/05/11,"1,73"
THOR,ETATS UNIS,27/04/11,"1,73"
THE ARTIST,FRANCE,12/10/11,"1,58"
NOUVELLE GUERRE DES BOUTONS (LA),FRANCE,21/09/11,"1,54"
DRIVE,ETATS UNIS,05/10/11,"1,54"
TUCHE (LES),FRANCE,01/07/11,"1,53"
SUPER 8,ETATS UNIS,03/08/11,"1,53"
ELEVE DUCOBU (L'),FRANCE,22/06/11,"1,49"
GUERRE DES BOUTONS (LA),FRANCE,14/09/11,"1,48"
BIENVENUE A BORD,FRANCE,05/10/11,"1,43"
TRUE GRIT,ETATS UNIS,23/02/11,"1,41"
FILLE DU PUISATIER (LA),FRANCE,20/04/11,"1,40"
ALVIN ET LES CHIPMUNKS 3,ETATS UNIS,21/12/11,"1,37"
LARGO WINCH 2,FRANCE / BELGIQUE / ALLEMAGNE,16/02/11,"1,34"
"TITEUF, LE FILM",FRANCE / SUISSE,06/04/11,"1,27"
RANGO,ETATS UNIS,23/03/11,"1,27"
FILS A JO (LE),FRANCE,12/01/11,"1,20"
TRON L'HERITAGE,ETATS UNIS,09/02/11,"1,19"
LYONNAIS (LES),FRANCE,30/11/11,"1,09"
REAL STEEL,ETATS UNIS,19/10/11,"1,08"
CAPTAIN AMERICA - FIRST AVENGER,ETATS UNIS,17/08/11,"1,07"
SCREAM 4,ETATS UNIS,13/04/11,"1,07"
TIME OUT,ETATS UNIS,23/11/11,"1,05"
CHANCE DE MA VIE (LA),FRANCE / BELGIQUE,05/01/11,"1,04"
ANIMAUX & CIE,Allemagne,09/02/11,"1,03"
MA PART DU GATEAU,FRANCE,16/03/11,"1,03"
SANS IDENTITE,ALLEMAGNE / GRANDE BRETAGNE / FRANCE,02/03/11,"1,00"
DERNIER DES TEMPLIERS (LE),ETATS UNIS,12/01/11,"1,00"
SKYFALL,GRANDE BRETAGNE,26/10/12,"6,81"
AGE DE GLACE 4 : LA DERIVE DES CONTINENTS (LA),ETATS UNIS,27/06/12,"6,64"
SUR LA PISTE DU MARSUPILAMI,FRANCE,04/04/12,"5,30"
TWILIGHT - CHAPITRE 5 : REVELATION (2E PARTIE),ETATS UNIS,14/11/12,"4,43"
AVENGERS,ETATS UNIS,25/04/12,"4,41"
THE DARK KNIGHT RISES,GRANDE BRETAGNE,25/07/12,"4,41"
VERITE SI JE MENS 3 (LA),FRANCE,01/02/12,"4,11"
ASTÉRIX ET OBÉLIX : AU SERVICE DE SA MAJESTE,FRANCE  / HONGRIE / ESPAGNE / ITALIE,17/10/12,"3,79"
MADAGASCAR 3 : BONS BAISERS D'EUROPE,ETATS UNIS,06/06/12,"3,41"
HOBBIT : UN VOYAGE INATTENDU (LE),NOUVELLE ZELANDE,12/12/12,"3,35"
PRÉNOM (LE),FRANCE,25/04/12,"3,34"
REBELLE,ETATS UNIS,01/08/12,"3,16"
TAKEN 2,FRANCE,03/10/12,"2,91"
INTOUCHABLES,FRANCE,02/11/11,"2,83"
SEIGNEURS (LES),FRANCE,26/09/12,"2,73"
THE AMAZING SPIDER-MAN,ETATS UNIS,04/07/12,"2,54"
SHERLOCK HOLMES : JEU D'OMBRES,GRANDE BRETAGNE,25/01/12,"2,39"
CINQ LEGENDES (LES),ETATS UNIS,28/11/12,"2,28"
INFIDÈLES (LES),FRANCE,29/02/12,"2,26"
MEN IN BLACK 3,ETATS UNIS,23/05/12,"2,12"
BLANCHE-NEIGE ET LE CHASSEUR,ETATS UNIS,13/06/12,"1,98"
EXPENDABLES 2 : UNITE SPECIALE,ETATS UNIS,22/08/12,"1,96"
DARK SHADOWS,GRANDE BRETAGNE,09/05/12,"1,95"
DE ROUILLE ET D'OS,FRANCE  / BELGIQUE,17/05/12,"1,91"
PROJET X,ETATS UNIS,14/03/12,"1,85"
PROMETHEUS,ETATS UNIS,30/05/12,"1,84"
STARS 80,FRANCE,24/10/12,"1,83"
UN BONHEUR N'ARRIVE JAMAIS SEUL,FRANCE,27/06/12,"1,83"
CLOCLO,FRANCE  / BELGIQUE,14/03/12,"1,76"
HUNGER GAMES,ETATS UNIS,21/03/12,"1,73"
THE ARTIST,FRANCE,12/10/11,"1,58"
AMERICAN PIE 4,ETATS UNIS,02/05/12,"1,52"
J. EDGAR,ETATS UNIS,11/01/12,"1,45"
MINCE ALORS !,FRANCE,28/03/12,"1,45"
ZARAFA,FRANCE,08/02/12,"1,44"
CLOCHETTE ET LE SECRET DES FEES,ETATS UNIS,10/10/12,"1,44"
TED,ETATS UNIS,10/10/12,"1,38"
VOYAGE AU CENTRE DE LA TERRE 2 : L'ILE MYSTERIEUSE,ETATS UNIS,15/02/12,"1,32"
TOTAL RECALL : MEMOIRES PROGRAMMEES,ETATS UNIS,15/08/12,"1,28"
UN PLAN PARFAIT,FRANCE  / BELGIQUE,31/10/12,"1,22"
MONDES DE RALPH (LES),ETATS UNIS,05/12/12,"1,20"
DANS LA MAISON,FRANCE,10/10/12,"1,18"
DE L'AUTRE COTE DU PERIPH,FRANCE,19/12/12,"1,18"
ARGO,ETATS UNIS,07/11/12,"1,15"
TITANIC,ETATS UNIS,07/01/98,"1,14"
SEXY DANCE 4 : MIAMI HEAT,ETATS UNIS,08/08/12,"1,13"
MILLENIUM : LES HOMMES QUI N'AIMAIENT PAS LES FEMMES,ETATS UNIS,18/01/12,"1,08"
ALVIN ET LES CHIPMUNKS 3,ETATS UNIS,21/12/11,"1,07"
BATTLESHIP,ETATS UNIS,11/04/12,"1,06"
VACANCES DE DUCOBU (LES),FRANCE,25/04/12,"1,06"
KAIRA (LES),FRANCE,11/07/12,"1,02"
CHRONICLE,ETATS UNIS,22/02/12,"1,02"
POPULAIRE,FRANCE  / BELGIQUE,28/11/12,"1,01"
"MOI, MOCHE ET MECHANT 2",ETATS UNIS,26/06/13,"4,65"
IRON MAN 3,ETATS UNIS,24/04/13,"4,31"
DJANGO UNCHAINED,ETATS UNIS,16/01/13,"4,31"
GRAVITY,GRANDE BRETAGNE,23/10/13,"4,08"
PROFS (LES),FRANCE,17/04/13,"3,95"
HOBBIT : LA DESOLATION DE SMAUG (LE),ETATS UNIS,11/12/13,"3,80"
REINE DES NEIGES (LA),ETATS UNIS,04/12/13,"3,80"
INSAISISSABLES,ETATS UNIS,31/07/13,"3,01"
FAST & FURIOUS 6,ETATS UNIS,22/05/13,"2,99"
HUNGER GAMES : L'EMBRASEMENT,ETATS UNIS,27/11/13,"2,92"
TURBO,ETATS UNIS,16/10/13,"2,47"
WORLD WAR Z,ETATS UNIS,03/07/13,"2,46"
CROODS (LES),ETATS UNIS,10/04/13,"2,38"
MAN OF STEEL,CANADA,19/06/13,"2,32"
THOR : LE MONDE DES TENEBRES,ETATS UNIS,30/10/13,"2,29"
SCHTROUMPFS 2 (LES),ETATS UNIS,31/07/13,"2,25"
"GARÇONS ET GUILLAUME, A TABLE ! (LES)",FRANCE,20/11/13,"2,20"
MONSTRES ACADEMY,ETATS UNIS,10/07/13,"2,08"
BOULE ET BILL,FRANCE / BELGIQUE / LUXEMBOURG,27/02/13,"2,01"
WOLVERINE : LE COMBAT DE L'IMMORTEL,ETATS UNIS,24/07/13,"1,99"
9 MOIS FERME,FRANCE,16/10/13,"1,99"
MAJORDOME (LE),ETATS UNIS,11/09/13,"1,95"
VERY BAD TRIP 3,ETATS UNIS,29/05/13,"1,93"
DIE HARD : BELLE JOURNEE POUR MOURIR,ETATS UNIS,20/02/13,"1,83"
JAPPELOUP,FRANCE  / CANADA,13/03/13,"1,82"
EYJAFJALLOJOKULL,FRANCE,02/10/13,"1,77"
HOTEL TRANSYLVANIE,ETATS UNIS,13/02/13,"1,70"
BELLE ET SEBASTIEN,FRANCE,18/12/13,"1,68"
GAMINS (LES),FRANCE,17/04/13,"1,65"
PLANES,ETATS UNIS,09/10/13,"1,63"
GATSBY LE MAGNIFIQUE,AUSTRALIE,15/05/13,"1,58"
MONDE FANTASTIQUE D'OZ (LE),ETATS UNIS,13/03/13,"1,56"
ELYSIUM,ETATS UNIS,14/08/13,"1,52"
PERCY JACKSON : LA MER DES MONSTRES,ETATS UNIS,14/08/13,"1,47"
BLUE JASMINE,ETATS UNIS,25/09/13,"1,43"
20 ANS D'ECART,FRANCE,06/03/13,"1,40"
LINCOLN,ETATS UNIS,30/01/13,"1,36"
OBLIVION,ETATS UNIS,10/04/13,"1,33"
AFTER EARTH,ETATS UNIS,05/06/13,"1,28"
CASSE-TETE CHINOIS ,FRANCE / BELGIQUE,04/12/13,"1,27"
CAGE DOREE (LA),FRANCE,24/04/13,"1,23"
EPIC : LA BATAILLE DU ROYAUME SECRET,ETATS UNIS,22/05/13,"1,21"
HOBBIT : UN VOYAGE INATTENDU (LE),NOUVELLE ZELANDE,12/12/12,"1,18"
SUR LE CHEMIN DE L'ECOLE,FRANCE,25/09/13,"1,17"
ALCESTE A BICYCLETTE,FRANCE,16/01/13,"1,17"
"CONJURING, LES DOSSIERS WARREN",ETATS UNIS,21/08/13,"1,16"
"LONE RANGER, NAISSANCE D'UN HEROS",ETATS UNIS,07/08/13,"1,15"
PRISONERS,ETATS UNIS,09/10/13,"1,13"
VIVE LA FRANCE,FRANCE,20/02/13,"1,11"
MOBIUS,FRANCE / LUXEMBOURG / BELGIQUE,27/02/13,"1,10"
DE L'AUTRE COTE DU PERIPH,FRANCE,19/12/12,"1,08"
HAPPINESS THERAPY,ETATS UNIS,30/01/13,"1,07"
PAULETTE,FRANCE,16/01/13,"1,03"
PACIFIC RIM,ETATS UNIS,17/07/13,"1,02"
LOUP DE WALL STREET (LE),ETATS UNIS,25/12/13,"1,02"
QU'EST-CE QU'ON A FAIT AU BON DIEU ?,FRANCE,16/04/14,"12,34"
SUPERCONDRIAQUE,FRANCE,26/02/14,"5,27"
LUCY,FRANCE,06/08/14,"5,20"
LE HOBBIT : LA BATAILLE DES CINQ ARMÉES ,NOUVELLE ZELANDE,10/12/14,"4,07"
LA PLANETE DES SINGES : L'AFFRONTEMENT ,ETATS-UNIS,30/07/14,"3,78"
DRAGONS 2,ETATS-UNIS,02/07/14,"3,38"
X-MEN : DAY OF FUTURE PAST,ETATS-UNIS,21/05/14,"3,28"
RIO 2,ETATS-UNIS,09/04/14,"3,26"
SAMBA,FRANCE,15/10/14,"3,15"
LE LABYRINTHE ,ETATS-UNIS,15/10/14,"3,13"
HUNGER GAMES - LA RÉVOLTE PARTIE 1,ETATS-UNIS,19/11/14,"3,12"
ASTÉRIX ET LE DOMAINE DES DIEUX,FRANCE,26/11/14,"2,68"
INTERSTELLAR,ETATS-UNIS,05/11/14,"2,58"
LES VACANCES DU PETIT NICOLAS ,FRANCE,09/07/14,"2,41"
BABYSITTING,FRANCE,16/04/14,"2,36"
LA FAMILLE BÉLIER ,FRANCE,17/12/14,"2,35"
LES GARDIENS DE LA GALAXIE ,ETATS-UNIS,13/08/14,"2,34"
TRANSFORMERS : L'ÂGE DE L'EXTINCTION,ETATS-UNIS,16/07/14,"2,34"
THE AMAZING SPIDER-MAN : LE DESTIN D'UN HÉROS,ETATS-UNIS,30/04/14,"2,31"
"LES TROIS FRÈRES, LE RETOUR ",FRANCE,12/02/14,"2,24"
PADDINGTON,FRANCE,03/12/14,"2,20"
LE LOUP DE WALL STREET ,ETATS-UNIS,25/12/13,"2,00"
MALÉFIQUE,ETATS-UNIS,28/05/14,"2,00"
FISTON,FRANCE,12/03/14,"1,93"
GONE GIRL,ETATS-UNIS,08/10/14,"1,91"
CAPTAIN AMERICA : LE SOLDAT DE L'HIVER,ETATS-UNIS,26/03/14,"1,88"
LA BELLE ET LA BÊTE ,FRANCE,12/02/14,"1,83"
NINJA TURTLES,ETATS-UNIS,15/10/14,"1,79"
12 YEARS A SLAVE,ETATS-UNIS,22/01/14,"1,71"
YVES SAINT LAURENT,FRANCE,08/01/14,"1,65"
BARBECUE,FRANCE,30/04/14,"1,61"
LES PINGOUINS DE MADAGASCAR ,ETATS-UNIS,17/12/14,"1,59"
300 : LA NAISSANCE D'UN EMPIRE,ETATS-UNIS,05/03/14,"1,56"
ANNABELLE,ETATS-UNIS,08/10/14,"1,54"
LA GRANDE AVENTURE LEGO ,ETATS-UNIS,19/02/14,"1,54"
"MINUSCULE, LA VALLÉE DES FOURMIS PERDUES",FRANCE,29/01/14,"1,50"
DIVERGENTE,ETATS-UNIS,09/04/14,"1,50"
THE GRAND BUDAPEST HOTEL,ETATS-UNIS,26/02/14,"1,47"
M. PEABODY ET SHERMAN : LES VOYAGES DANS LE TEMPS,ETATS-UNIS,12/02/14,"1,42"
GODZILLA,ETATS-UNIS,14/05/14,"1,37"
SOUS LES JUPES DES FILLES,FRANCE,04/06/14,"1,36"
BELLE ET SÉBASTIEN,FRANCE,18/12/13,"1,34"
LA FRENCH ,FRANCE,03/12/14,"1,33"
NOE,ETATS-UNIS,09/04/14,"1,32"
MONUMENTS MEN,ETATS-UNIS,12/03/14,"1,29"
LA REINE DES NEIGES ,ETATS-UNIS,04/12/13,"1,26"
NON-STOP,GB,26/02/14,"1,22"
EDGE OF TOMORROW,ETATS-UNIS,04/06/14,"1,22"
OPÉRATION CASSE-NOISETTE,ETATS-UNIS,06/08/14,"1,20"
LE CROCODILE DU BOTSWANGA ,FRANCE,19/02/14,"1,19"
MOMMY,CA,08/10/14,"1,13"
TU VEUX OU TU VEUX PAS,FRANCE,01/10/14,"1,08"
EXPENDABLES 3,ETATS-UNIS,20/08/14,"1,06"
NOS ÉTOILES CONTRAIRES,ETATS-UNIS,20/08/14,"1,04"
MAGIC IN THE MOONLIGHT,GB,22/10/14,"1,04"
CLOCHETTE ET LA FÉE PIRATE,ETATS-UNIS,02/04/14,"1,03"
PLANES 2,ETATS-UNIS,23/07/14,"1,02"
"STAR WARS : EPISODE 7, LE REVEIL DE LA FORCE",ETATS UNIS,16/12/15,"7,33"
MINIONS (LES),ETATS UNIS,08/07/15,"6,66"
FAMILLE BELIER (LA),FRANCE / BELGIQUE,17/12/14,"5,35"
JURASSIC WORLD,ETATS UNIS,10/06/15,"5,21"
007 SPECTRE,GRANDE BRETAGNE,11/11/15,"4,81"
FAST & FURIOUS 7,ETATS UNIS,01/04/15,"4,63"
NOUVELLES AVENTURES D'ALADIN (LES),FRANCE,14/10/15,"4,43"
VICE-VERSA,ETATS UNIS,17/06/15,"4,41"
AVENGERS : L'ERE D'ULTRON,ETATS UNIS,22/04/15,"4,24"
CINQUANTE NUANCES DE GREY,ETATS UNIS,11/02/15,"4,07"
PROFS 2 (LES),FRANCE / BELGIQUE,01/07/15,"3,49"
AMERICAN SNIPER,ETATS UNIS,18/02/15,"3,13"
LABYRINTHE : LA TERRE BRULEE (LE),ETATS UNIS,07/10/15,"3,12"
PAPA OU MAMAN,FRANCE,04/02/15,"2,89"
"MISSION : IMPOSSIBLE, ROGUE NATION",ETATS UNIS,12/08/15,"2,80"
"HUNGER GAMES : LA REVOLTE, 2e PARTIE",ETATS UNIS,18/11/15,"2,77"
TAKEN 3,FRANCE,21/01/15,"2,61"
BABYSITTING 2,FRANCE,02/12/15,"2,53"
SEUL SUR MARS,ETATS UNIS,21/10/15,"2,52"
DIVERGENTE 2 : L'INSURRECTION,ETATS UNIS,18/03/15,"2,42"
POURQUOI J'AI (PAS) MANGE MON PERE,FRANCE / ITALIE,08/04/15,"2,41"
MAD MAX : FURY ROAD,AUSTRALIE,14/05/15,"2,36"
VOYAGE D'ARLO (LE),ETATS UNIS,25/11/15,"2,32"
HOTEL TRANSYLVANIE 2,ETATS UNIS,07/10/15,"2,30"
PETIT PRINCE (LE),FRANCE / ITALIE,29/07/15,"1,93"
ANT-MAN,ETATS UNIS,14/07/15,"1,72"
CENDRILLON,GRANDE BRETAGNE,25/03/15,"1,67"
KINGSMAN : SERVICES SECRETS,GRANDE BRETAGNE / ETATS UNIS,18/02/15,"1,67"
NOUVEAUX HEROS (LES),ETATS UNIS,11/02/15,"1,66"
NUIT AU MUSEE : LE SECRET DES PHARAONS (LA),ETATS UNIS,04/02/15,"1,59"
BIS,FRANCE,18/02/15,"1,51"
TERMINATOR : GENISYS,ETATS UNIS,01/07/15,"1,43"
BELLE ET SEBASTIEN : L'AVENTURE CONTINUE,FRANCE,09/12/15,"1,37"
DERNIER LOUP (LE),CHINE / FRANCE,25/02/15,"1,33"
"BOB L'EPONGE, LE FILM - UN HEROS SORT DE L'EAU",ETATS UNIS,18/02/15,"1,30"
EN ROUTE !,ETATS UNIS,15/04/15,"1,22"
4 FANTASTIQUES (LES),ETATS UNIS,05/08/15,"1,20"
"CONNASSE, PRINCESSE DES CŒURS",FRANCE,29/04/15,"1,20"
SAN ANDREAS,ETATS UNIS,27/05/15,"1,15"
TED 2,ETATS UNIS,05/08/15,"1,14"
IMITATION GAME,GRANDE BRETAGNE / ETATS UNIS,28/01/15,"1,09"
SHAUN LE MOUTON,GRANDE BRETAGNE,01/04/15,"1,06"
SOUVENIRS (LES),FRANCE / BELGIQUE,14/01/15,"1,06"
MARGUERITE,FRANCE / REPUBLIQUE TCHEQUE/ BELGIQUE,16/09/15,"1,01"
ZOOTOPIE,ETATS UNIS,17/02/16,"4,75"
TUCHE 2 : LE REVE AMERICAIN (LES),FRANCE,03/02/16,"4,60"
"VAIANA, LA LÉGENDE DU BOUT DU MONDE",ETATS UNIS,30/11/16,"4,53"
ROGUE ONE A STAR WARS STORY,ETATS UNIS,14/12/16,"3,92"
THE REVENANT,ETATS UNIS,24/02/16,"3,84"
ANIMAUX FANTASTIQUES (LES),GRANDE BRETAGNE,16/11/16,"3,81"
DEADPOOL,ETATS UNIS,10/02/16,"3,76"
COMME DES BETES,ETATS UNIS,27/07/16,"3,76"
LIVRE DE LA JUNGLE (LE),ETATS UNIS,13/04/16,"3,65"
AGE DE GLACE : LES LOIS DE L'UNIVERS (L'),ETATS UNIS,13/07/16,"3,50"
MONDE DE DORY (LE),ETATS UNIS,22/06/16,"3,37"
CAMPING 3,FRANCE,29/06/16,"3,22"
"STAR WARS : EPISODE 7, LE REVEIL DE LA FORCE",ETATS UNIS,16/12/15,"3,00"
RADIN !,FRANCE,28/09/16,"2,95"
CAPTAIN AMERICA : CIVIL WAR,ETATS UNIS,27/04/16,"2,92"
TROLLS (LES),ETATS UNIS,19/10/16,"2,74"
MISS PEREGRINE ET LES ENFANTS PARTICULIERS,GRANDE BRETAGNE,05/10/16,"2,71"
KUNG FU PANDA 3,ETATS UNIS,30/03/16,"2,58"
BATMAN V SUPERMAN : L'AUBE DE LA JUSTICE,ETATS UNIS,23/03/16,"2,49"
SUICIDE SQUAD,ETATS UNIS,03/08/16,"2,28"
VISITEURS : LA REVOLUTION (LES),FRANCE / BELGIQUE,06/04/16,"2,20"
RETOUR CHEZ MA MERE,FRANCE,01/06/16,"2,20"
X-MEN : APOCALYPSE,ETATS UNIS,18/05/16,"2,16"
DIVERGENTE 3 : AU-DELA DU MUR,ETATS UNIS,09/03/16,"2,11"
INSAISISSABLES 2,ETATS UNIS,27/07/16,"2,10"
DEMAIN TOUT COMMENCE,FRANCE / GRANDE BRETAGNE,07/12/16,"2,07"
BRIDGET JONES BABY,GRANDE BRETAGNE,05/10/16,"1,97"
PATTAYA,FRANCE,24/02/16,"1,95"
BRICE 3,FRANCE,19/10/16,"1,95"
CHOCOLAT,FRANCE,03/02/16,"1,93"
DOCTOR STRANGE,ETATS UNIS,26/10/16,"1,92"
ALVIN ET LES CHIPMUNKS : A FOND LA CAISSE,ETATS UNIS,03/02/16,"1,80"
8 SALOPARDS (LES),ETATS UNIS,06/01/16,"1,78"
WARCRAFT : LE COMMENCEMENT,ETATS UNIS,25/05/16,"1,73"
"CREED, L'HERITAGE DE ROCKY BALBOA",ETATS UNIS,13/01/16,"1,64"
MEDECIN DE CAMPAGNE,FRANCE,23/03/16,"1,51"
JASON BOURNE,ETATS UNIS,10/08/16,"1,49"
CONJURING 2 : LE CAS ENFIELD,ETATS UNIS,29/06/16,"1,47"
TARZAN,GRANDE BRETAGNE,06/07/16,"1,38"
ALICE DE L'AUTRE COTE DU MIROIR,ETATS UNIS,01/06/16,"1,35"
BALLERINA,CANADA / FRANCE,14/12/16,"1,34"
VACHE (LA),FRANCE / MAROC,17/02/16,"1,30"
INDEPENDENCE DAY  : RESURGENCE,ETATS UNIS,20/07/16,"1,29"
ASSASSIN'S CREED,ETATS UNIS,21/12/16,"1,25"
FOLLE HISTOIRE DE MAX ET LEON (LA),FRANCE / BELGIQUE,01/11/16,"1,22"
ODYSSÉE (L'),FRANCE,12/10/16,"1,22"
PAPA OU MAMAN 2,FRANCE / BELGIQUE,07/12/16,"1,20"
SULLY,ETATS UNIS,30/11/16,"1,11"
ADOPTE UN VEUF,FRANCE,20/04/16,"1,09"
JUSTE LA FIN DU MONDE,CANADA / FRANCE,21/09/16,"1,03"
SAISONS (LES),FRANCE,27/01/16,"1,02"
CIGOGNES ET COMPAGNIE,ETATS UNIS,12/10/16,"1,02"
5EME VAGUE (LA),ETATS UNIS,27/01/16,"1,00"
MOI MOCHE ET MECHANT 3,US,05/07/17,"5,74"
STAR WARS LES DERNIERS JEDI,US,13/12/17,"5,35"
RAID DINGUE,FR,01/02/17,"4,56"
VALERIAN ET LA CITE DES MILLE PLANETES,FR,26/07/17,"4,04"
BABY BOSS,US,29/03/17,"3,87"
FAST AND FURIOUS 8,US,12/04/17,"3,87"
TOUS EN SCENE,US,25/01/17,"3,61"
ALIBI.COM,FR,15/02/17,"3,60"
PIRATES DES CARAIBES: LA VENGEANCE DE SALAZAR,US,24/05/17,"3,59"
LA BELLE ET LA BETE,GB / US,22/03/17,"3,49"
COCO,US,29/11/17,"3,26"
LES GARDIENS DE LA GALAXIE VOL 2,US,26/04/17,"3,14"
CINQUANTE NUANCES PLUS SOMBRES,US,08/02/17,"3,14"
SENS DE LA FETE (LE),#N/D,04/10/17,"3,02"
LA PLANETE DES SINGES SUPREMATIE,US,02/08/17,"2,81"
LA LA LAND,US,25/01/17,"2,75"
CARS 3,US,02/08/17,"2,72"
DUNKERQUE,GB,19/07/17,"2,55"
EPOUSE MOI MON POTE,FR,25/10/17,"2,47"
THOR RAGNAROK,US,25/10/17,"2,46"
SPIDER MAN HOMECOMING,US,12/07/17,"2,32"
LOGAN,US,01/03/17,"2,27"
CA,US,20/09/17,"2,23"
WONDER WOMAN,GB,07/06/17,"2,15"
AU REVOIR LA HAUT,FR,25/10/17,"1,99"
ECOLE BUISSONNIERE (L'),#N/D,11/10/17,"1,90"
SEVEN SISTERS,GB,30/08/17,"1,86"
LES SCHTROUMPFS ET LE VILLAGE PERDU,US,05/04/17,"1,84"
LION,AUS,22/02/17,"1,79"
SPLIT,US,22/02/17,"1,79"
KINGSMAN LE CERCLE D'OR,GB,11/10/17,"1,74"
JUSTICE LEAGUE,GB,15/11/17,"1,71"
SANTA ET CIE,FR / BE,06/12/17,"1,65"
KONG SKULL ISLAND,US,08/03/17,"1,62"
BAYWATCH ALERTE A MALIBU,US,21/06/17,"1,59"
TRANSFORMERS THE LAST KNIGHT,US,28/06/17,"1,42"
IL A DEJA TES YEUX,FR,18/01/17,"1,39"
JUMANJI BIENVENUE DANS LA JUNGLE,US,20/12/17,"1,39"
LA MOMIE,US,14/06/17,"1,38"
UN SAC DE BILLES,FR / CA,18/01/17,"1,33"
PADDINGTON 2,FR,06/12/17,"1,31"
ROCK N ROLL,FR,15/02/17,"1,30"
PATIENTS,FR,01/03/17,"1,27"
ALIEN COVENANT,US,10/05/17,"1,27"
BLADE RUNNER 2049,US,04/10/17,"1,26"
ANNABELLE 2 LA CREATION DU MAL,US,09/08/17,"1,25"
GET OUT,US,03/05/17,"1,15"
DEMAIN TOUT COMMENCE,FR / GB,07/12/16,"1,13"
SAHARA,FR / CA,01/02/17,"1,13"
L ASCENSION,FR,25/01/17,"1,12"
ROGUE ONE A STAR WARS STORY,US,14/12/16,"1,06"
FERDINAND,US,20/12/17,"1,06"
LE BRIO,FR,22/11/17,"1,05"
A BRAS OUVERTS,FR / BE,05/04/17,"1,03"
GHOST IN THE SHELL,US,29/03/17,"1,02"
VAIANA LA LEGENDE DU BOUT DU MONDE,US,30/11/16,"1,02"
LES INDESTRUCTIBLES 2,US,04/07/18,"5,74"
LES TUCHE 3,FR,31/01/18,"5,69"
CHTITE FAMILLE (LA),FR,28/02/18,"5,62"
AVENGERS : INFINITY WAR,US,25/04/18,"5,04"
GRAND BAIN (LE),FR,24/10/18,"4,21"
ANIMAUX FANTASTIQUES (LES) : LES CRIMES DE GRINDELWALD,GB,14/11/18,"3,86"
BOHEMIAN RHAPSODY,GB,31/10/18,"3,72"
TAXI 5,FR,11/04/18,"3,65"
JURASSIC WORLD FALLEN KINGDOM,US,06/06/18,"3,63"
BLACK PANTHER,US,14/02/18,"3,62"
HOTEL TRANSYLVANIE 3 : DES VACANCES MONSTRUEUSES,US,25/07/18,"3,07"
MISSION IMPOSSIBLE FALL OUT,US,01/08/18,"3,02"
ASTERIX ET LE SECRET DE LA POTION MAGIQUE,FR,05/12/18,"2,89"
LE LABYRINTHE: LE REMEDE MORTEL,US,07/02/18,"2,85"
CINQUANTE NUANCES PLUS CLAIRES,US,07/02/18,"2,76"
DEADPOOL 2,US,16/05/18,"2,60"
TOUT LE MONDE DEBOUT,FR,14/03/18,"2,42"
ALAD 2,FR,03/10/18,"2,35"
VENOM,US,10/10/18,"2,28"
READY PLAYER ONE,GB,28/03/18,"2,28"
LE GRINCH,US,28/11/18,"2,05"
JUMANJI BIENVENUE DANS LA JUNGLE,US,20/12/17,"2,00"
AQUAMAN,US,19/12/18,"1,90"
A STAR IS BORN,US,03/10/18,"1,88"
YETI ET COMPAGNIE,US,17/10/18,"1,85"
ANT-MAN ET LA GUEPE,US,18/07/18,"1,80"
PIERRE LAPIN,US,04/04/18,"1,74"
STAR WARS LES DERNIERS JEDI,US,13/12/17,"1,73"
"BELLE ET SEBASTIEN 3, LE DERNIER CHAPITRE",FR,14/02/18,"1,68"
EN EAUX TROUBLES,US,22/08/18,"1,62"
JEU (LE),FR,17/10/18,"1,59"
FERDINAND,US,20/12/17,"1,42"
LA NONNE,US,19/09/18,"1,39"
LA FORME DE L'EAU,US,21/02/18,"1,38"
SOLO : A STAR WARS STORY,US,23/05/18,"1,37"
COCO,US,29/11/17,"1,35"
PENTAGON PAPERS,US,24/01/18,"1,34"
BLACKKKLANSMAN,US,22/08/18,"1,31"
TOMB RAIDER,GB,14/03/18,"1,26"
"NEUILLY SA MERE, SA MERE",FR,08/08/18,"1,15"
AMERICAN NIGHTMARE 4 LES ORIGINES,US,04/07/18,"1,03"
PREMIERE ANNEE,FR,12/09/18,"1,01"
LE ROI LION,USA,17/07/19,"9,82"
AVENGERS : ENDGAME,USA,24/04/19,"6,82"
LA REINE DES NEIGES II,USA,20/11/19,"6,73"
QU'EST-CE QU'ON A ENCORE FAIT AU BON DIEU ?,FR / BE,30/01/19,"6,71"
JOKER,USA,09/10/19,"5,57"
TOY STORY 4,USA,26/06/19,"4,51"
"STAR WARS : EPISODE 9, L'ASCENSION DE SKYWALKER",USA,18/12/19,"4,37"
DRAGONS 3 : LE MONDE CACHE,USA,06/02/19,"3,39"
CAPTAIN MARVEL,USA,06/03/19,"3,31"
SPIDER-MAN : FAR FROM HOME,USA,03/07/19,"3,23"
NOUS FINIRONS ENSEMBLE,FR,01/05/19,"2,79"
MALEFIQUE : LE POUVOIR DU MAL,USA,16/10/19,"2,66"
ONCE UPON A TIME... IN HOLLYWOOD,USA,14/08/19,"2,64"
ALADDIN,USA,22/05/19,"2,46"
FAST & FURIOUS : HOBBS & SHAW,USA,07/08/2019,"2,45"
The ROOM,,23/06/03,"0,65"
JUMANJI : NEXT LEVEL,USA,04/12/19,"2,41"
DUMBO,USA,27/03/19,"2,35"
COMME DES BETES 2,USA,31/07/19,"2,31"
RALPH 2.0,USA,13/02/19,"2,27"
GREEN BOOK SUR LES ROUTES DU SUD,USA,23/01/19,"2,09"
HORS NORMES,FR,23/10/19,"2,08"
ALITA : BATTLE ANGEL,USA,13/02/19,"2,04"
ABOMINABLE,USA,23/10/19,"1,99"
AU NOM DE LA TERRE,FR,25/09/19,"1,97"
LA MULE,USA,23/01/19,"1,86"
LA VIE SCOLAIRE,FR,28/08/19,"1,81"
CREED II,USA,09/01/19,"1,73"
PARASITE,KS,05/06/19,"1,71"
LES MISERABLES,FR,20/11/19,"1,70"
POKEMON DETECTIVE PIKACHU,GB,08/05/19,"1,69"
NICKY LARSON ET LE PARFUM DE CUPIDON,FR,06/02/19,"1,68"
CHANT DU LOUP (LE),FR,20/02/19,"1,55"
CA CHAPITRE 2,USA,11/09/19,"1,49"
J'ACCUSE,FR / IT,13/11/19,"1,47"
DONNE MOI DES AILES,FR,09/10/19,"1,44"
LE PARC DES MERVEILLES,USA,03/04/19,"1,42"
X-MEN : DARK PHOENIX,USA,05/06/19,"1,41"
AQUAMAN,USA,19/12/18,"1,40"
INVISIBLES (LES),FR,09/01/19,"1,34"
GLASS,USA,16/01/19,"1,26"
BELLE EPOQUE (LA),FR,06/11/19,"1,26"
AFTER - CHAPITRE 1,USA,17/04/19,"1,23"
JOYEUSE RETRAITE,FR,20/11/19,"1,20"
C'EST QUOI CETTE MAMIES ?!,FR,07/08/19,"1,19"
LE MANS 66,USA,13/11/19,"1,10"
SHAZAM !,USA,03/04/19,"1,07"
ASTERIX ET LE SECRET DE LA POTION MAGIQUE,FR,05/12/18,"1,07"
AD ASTRA,USA,18/09/19,"1,05"
INSEPARABLES,FR,04/09/19,"1,04"
"TANGUY, LE RETOUR",FR,10/04/19,"1,03"
LA FAMILLE ADDAMS,USA,04/12/19,"1,00"
